model,MAE,RMSE,R2
Random Forest,0.12600666267329025,0.17975907120823886,0.9798623032891796
XGBoost,0.10409396126166294,0.15427861893439226,0.9851666361466299
