cluster,customer_count,avg_recency,avg_frequency,avg_monetary,avg_monetary_capped,avg_total_quantity,avg_unique_products,avg_order_value,avg_purchase_frequency,one_time_customer_rate,avg_rfm_score,business_segment
0,2255,55.95609756097561,4.205321507760532,1510.478001330377,1489.7805611086474,903.0465631929046,54.80177383592018,39.15231997315474,0.8865745968871562,0.0,10.547228381374723,Regular Active Customers
1,463,19.80777537796976,13.18574514038877,6844.734600431966,6661.558128941684,3986.449244060475,208.77969762419008,24.61985685989691,1.4598340324562633,0.0021598272138228943,13.881209503239742,Loyal High-Value Customers
2,2,163.5,1.5,122828.05,121143.3705,77606.0,2.0,66670.55,0.6463414634146342,0.5,10.0,Extreme Bulk Buyers
3,855,66.99649122807017,1.0,390.094281871345,385.546690877193,250.58011695906433,23.941520467836256,37.00479525907408,1.0,1.0,6.230409356725146,New / One-Time Customers
4,749,277.73564753004007,1.2296395193591456,381.26164218958615,377.24952403204276,205.80240320427237,20.052069425901202,40.36540792608251,1.1013120225658715,0.8491321762349799,4.4672897196261685,Dormant Low-Value Customers
5,14,31.285714285714285,83.21428571428571,103372.65714285713,99365.2467142857,53307.28571428572,789.7142857142857,124.14068272326124,9.29404497661535,0.0,14.642857142857142,Elite VIP Customers
