dbscan_cluster,customer_id,recency,frequency,monetary_capped,total_quantity
-1,26,48.42307692307692,57.73076923076923,83022.95813076923,46517.5
0,4308,92.88300835654596,3.9027390900649954,1481.0761981894152,891.3052460538534
1,4,6.0,54.5,37571.47875,25701.0
